"en_GB","pt_PT","es_ES","fr_FR","ar_AE","location"
"Title","Título","Título","MISSING","MISSING","packages/@scandiweb/mageplaza-affiliate/src/component/MyAffiliateMyCredit/MyAffiliateMyCredit.component.js"
"Current Jackpot","Jackpot atual","Premio mayor actual","MISSING","MISSING","src/component/CartItem/CartItem.component.js"
"Clicks","MISSING","Clics","Clics","النقرات","packages/@scandiweb/mageplaza-affiliate/src/component/MyAffiliateBanners/MyAffiliateBanners.component.js"
"Your city","Sua cidade","Tu ciudad","MISSING","MISSING","src/component/MyAccountRegisterCreateAddressForm/MyAccountRegisterCreateAddressForm.form.js"
"ID Card","Carteira de identidade","Tarjeta de identificación","MISSING","MISSING","src/component/EWalletWithdrawTab/EWalletWithdrawTab.component.js"
"to","para","a","MISSING","MISSING","packages/@scandiweb/mageplaza-affiliate/src/component/MyAffiliateHome/MyAffiliateHome.component.js"
"Tax/VAT Number","Imposto / número de IVA","Número de Impuesto / IVA","MISSING","MISSING","src/component/MyAccountCustomerForm/MyAccountCustomerForm.form.js"
"Your new password","Sua nova senha","MISSING","MISSING","MISSING","src/component/MyAccountCustomerForm/MyAccountCustomerForm.form.js"
"Failed to upload file","MISSING","MISSING","MISSING","MISSING","src/component/MyAccountFieldFile/MyAccountFieldFile.container.js"
"My Downloadable","Meu download","Mi descargable","MISSING","MISSING","src/plugin/route/MyAccount/MyAccount.container.plugin.js"
"Referrals","MISSING","MISSING","MISSING","MISSING","src/component/MyAccountMyRewardPointsMyReferrals/MyAccountMyRewardPointsMyReferrals.component.js"
"Prize","Prêmio","Premio","Prix","MISSING","src/component/MyAccountMyTicketsTableRowSweepstakes/MyAccountMyTicketsTableRowSweepstakes.component.js"
"Edit Account Information","Editar informações da conta","Editar la información de la cuenta","MISSING","MISSING","src/plugin/route/MyAccount/MyAccount.container.plugin.js"
"Start Here","Começe aqui","Empieza aqui","MISSING","MISSING","src/component/MyAccountSignIn/MyAccountSignIn.component.js"
"Confirm New Password ","Confirme a nova senha","Confirmar nueva contraseña","MISSING","MISSING","src/component/MyAccountCustomerForm/MyAccountCustomerForm.form.js"
"Current Balance","Saldo atual","Saldo actual","MISSING","MISSING","src/component/MyAccountMyRewardPoints/MyAccountMyRewardPoints.component.js"
"Amount","Quantia","Monto","MISSING","MISSING","src/component/MyAccountMyEWallet/MyAccountMyEWallet.component.js"
"Withdrawal minimum amount %s","Valor mínimo de saque %s","Monto mínimo de retiro %s","MISSING","MISSING","src/component/EWalletWithdrawTab/EWalletWithdrawTab.component.js"
"Reference","Referência","Referencia","MISSING","MISSING","src/component/MyAccountMyEWallet/MyAccountMyEWallet.component.js"
"Go","Ir","Ir","MISSING","MISSING","src/component/GameListWidget/GameListWidget.config.js"
"Select","Selecione","Seleccionar","MISSING","MISSING","src/component/ProductCard/ProductCard.component.js"
"View More","Veja mais","Ver más","MISSING","MISSING","src/component/ProductCard/ProductCard.component.js"
"New passwords can't be the same as old password!","As novas senhas não podem ser iguais às senhas antigas!","¡Las nuevas contraseñas no pueden ser las mismas que la contraseña anterior!","MISSING","MISSING","src/component/MyAccountCustomerForm/MyAccountCustomerForm.form.js"
"Swift/BIC code","Código SWIFT BIC","Código Swift/BIC","MISSING","MISSING","src/component/EWalletWithdrawTab/EWalletWithdrawTab.component.js"
"Confirmation request has been sent.","A solicitação de confirmação foi enviada.","La solicitud de confirmación ha sido enviada.","MISSING","MISSING","packages/@scandiweb/google-tag-manager/src/plugin/events/newsletterDispatcher.plugin.js"
"Line ID","ID da linha","Identificación de línea","MISSING","MISSING","src/component/MyAccountMyTicketsTableRow/MyAccountMyTicketsTableRow.component.js"
"Have a Discount Coupon?","Tem cupom de desconto?","¿Tienes un Cupón de Descuento?","MISSING","MISSING","src/route/Checkout/Checkout.component.js"
"Tweet on Twitter","MISSING","MISSING","MISSING","MISSING","src/component/TwitterShareButton/TwitterShareButton.component.js"
"Link","MISSING","Enlace","Lien","وصلة","packages/@scandiweb/mageplaza-affiliate/src/component/MyAffiliateBanners/MyAffiliateBanners.component.js"
"Enter your registered email address below to receive the verification code to change your password.","Digite seu endereço de e-mail registrado abaixo para receber o código de verificação para alterar sua senha.","Ingrese su dirección de correo electrónico resgistrado a continuación para recibir el código de verificación para cambiar su contraseña.","MISSING","MISSING","src/component/MyAccountOverlay/MyAccountOverlay.component.js"
"%s Draw %s / line","%s Desenha %s / linha","%s Sorteo %s / línea","MISSING","MISSING","src/component/CartItem/CartItem.component.js"
"Check Status","Verificar status","Comprobar estado","MISSING","MISSING","packages/@scandiweb/amasty-gift-cards/src/component/GiftCardInput/GiftCardInput.component.js"
"Created","MISSING","MISSING","MISSING","MISSING","src/component/MyAccountMyRewardPointsHistory/MyAccountMyRewardPointsHistory.component.js"
"here","MISSING","MISSING","MISSING","MISSING","src/component/MyAccountMyRewardPointsHistory/MyAccountMyRewardPointsHistory.component.js"
"Enter Number With Country code & without any sign. e.g:-(91xxxxxxx09)","Digite o número com o código do país sem nenhum caracter. por exemplo:-(91xxxxxxx09)","Ingrese el número con el código de país y sin ningún signo. Por ejemplo:-(91xxxxxxx09)","MISSING","MISSING","packages/@scandiweb/amasty-gift-cards/src/component/GiftCardProductActions/GiftCardProductActions.component.js"
"Lighter button","botão mais leve","botón más ligero","MISSING","MISSING","src/route/StyleGuidePage/StyleGuidePage.component.js"
"Or continue with","Ou continuar com","o continuar con","MISSING","MISSING","src/component/MyAccountSignIn/MyAccountSignIn.component.js"
"Green","Verde","Verde","MISSING","MISSING","src/route/StyleGuidePage/StyleGuidePage.component.js"
"English","Inglês","Inglés","MISSING","MISSING","src/component/StoreSwitcher/StoreSwitcher.container.js"
"Help and Contact","Ajuda e Contato","Ayuda y contacto","MISSING","MISSING","src/route/ContactPage/ContactPage.component.js"
"Change Password","Alterar a senha","Cambiar contraseña","MISSING","MISSING","src/component/MyAccountCustomerForm/MyAccountCustomerForm.form.js"
"Last Name","Sobrenome","Apellidos","MISSING","MISSING","src/component/MyAccountCreateAccount/MyAccountCreateAccount.component.js"
"Refer a friend and receive points for his ","MISSING","MISSING","MISSING","MISSING","src/component/MyAccountMyRewardPointsMyReferrals/MyAccountMyRewardPointsMyReferrals.component.js"
"Back","Voltar","Atrás","MISSING","MISSING","packages/@scandiweb/amasty-gift-cards/src/component/GiftCardProductActions/GiftCardProductActions.component.js"
"Your Transaction is Complete","Sua transação foi concluída","Su transacción está completa","MISSING","MISSING","src/component/CheckoutSuccess/CheckoutSuccess.component.js"
"%s entries","%s entradas","%s entradas","MISSING","MISSING","src/component/CartItem/CartItem.component.js"
"Home","Lar","Inicio","MISSING","MISSING","packages/@scandiweb/mageplaza-affiliate/src/plugin/MyAccount.plugin.js"
"The email confirmation link has been sent to your email. Please confirm your account to proceed.","O link de confirmação foi enviado para o seu e-mail. Acesse o seu e-mail, clique no link e confirme sua conta para prosseguir.","El enlace de confirmación por correo electrónico ha sido enviado a su correo electrónico. Por favor, confirme su cuenta para continuar.","MISSING","MISSING","src/component/MyAccountCreateAccount/MyAccountCreateAccount.container.js"
"Special Offers","Ofertas especiais","Ofertas especiales","MISSING","MISSING","packages/@scandiweb/magefan-blog/src/route/BlogPage/BlogPage.component.js"
"Update","Atualizar","Actualizar","MISSING","MISSING","src/component/PasswordChangeForm/PasswordChangeForm.component.js"
"Sorry! Maximum quantity for this product is %s!","Desculpe! A quantidade máxima para este produto é %s!","¡Lo siento! ¡La cantidad máxima para este producto es %s!","MISSING","MISSING","packages/@scandiweb/amasty-gift-cards/src/component/GiftCardAddToCart/GiftCardAddToCart.container.js"
"Status","MISSING","Estado","Statut","حالة","src/component/MyAccountMyStoreProducts/MyAccountMyStoreProducts.component.js"
"from","de","de","MISSING","MISSING","packages/@scandiweb/mageplaza-affiliate/src/component/MyAffiliateHome/MyAffiliateHome.component.js"
"You have no active Gift Card Codes added to your customer account.","Você não tem códigos de vale presente ativos adicionados à sua conta de cliente.","No tiene códigos de tarjetas de regalo activos agregados a su cuenta de cliente.","MISSING","MISSING","packages/@scandiweb/amasty-gift-cards/src/component/GiftCardInput/GiftCardInput.component.js"
"Wallet amount was removed!","O valor foi removido da carteira!","¡Se eliminó el monto de la billetera!","MISSING","MISSING","src/store/Cart/Cart.dispatcher.js"
"Trending News","Notícias Tendências","Noticias de actualidad","MISSING","MISSING","packages/@scandiweb/magefan-blog/src/route/BlogPage/BlogPage.component.js"
"Change Currency","Alteração de moeda","Cambiar moneda","MISSING","MISSING","src/component/CurrencySwitcher/CurrencySwitcher.component.js"
"Full Name","Nome completo","Nombre completo","MISSING","MISSING","packages/@scandiweb/magefan-blog/src/component/BlogPostComments/BlogPostComments.component.js"
"Lighter","Isqueiro","Más ligera","MISSING","MISSING","src/route/StyleGuidePage/StyleGuidePage.component.js"
"Please switch to ""default"" (a.k.a system settings) template","Por favor, mude para o modelo ""padrão"" (também conhecido como configurações do sistema)","Cambie a la plantilla ""predeterminada"" (también conocida como configuración del sistema)","MISSING","MISSING","packages/@scandiweb/magefan-blog/src/component/BlogPostList/BlogPostList.component.js"
"Your shopping cart is empty.","Seu carrinho de compras está vazio.","Su carrito de compras está vacío.","MISSING","MISSING","src/component/CartOverlay/CartOverlay.component.js"
"Select country...","Selecione o pais...","MISSING","MISSING","MISSING","src/component/MyAccountRegisterCreateAddressForm/MyAccountRegisterCreateAddressForm.form.js"
"Your tax/VAT number","Seu número fiscal/IVA","Su número fiscal/IVA","MISSING","MISSING","src/component/MyAccountCustomerForm/MyAccountCustomerForm.form.js"
"Bank Transfer","Transferência bancária","Transferencia bancaria","MISSING","MISSING","src/component/EWalletWithdrawTab/EWalletWithdrawTab.component.js"
"Your MTN phone number","MISSING","MISSING","MISSING","MISSING","src/component/CheckoutPayment/CheckoutPayment.component.js"
"Select price...","Outro montante:","Seleccione precio...","MISSING","MISSING","packages/@scandiweb/amasty-gift-cards/src/component/GiftCardProductActions/GiftCardProductActions.component.js"
"Enter your new password","Digite sua nova senha","Introduzca su nueva contraseña","MISSING","MISSING","src/route/PasswordChangePage/PasswordChangePage.component.js"
"Expires on %s","Expira em %s","Expira el %s","MISSING","MISSING","src/component/CartCouponCode/CartCouponCode.component.js"
"Impressions","Impressões","Impresiones","MISSING","انطباعات","packages/@scandiweb/mageplaza-affiliate/src/component/MyAffiliateBanners/MyAffiliateBanners.component.js"
"Information Center","Centro de Informações","Centro de Información","MISSING","MISSING","packages/@scandiweb/magefan-blog/src/route/BlogPage/BlogPage.component.js"
" and agree to the processing of my personal data.","e concordo com o processamento dos meus dados pessoais.","Y estoy de acuerdo con el procesamiento de mis datos personales","MISSING","MISSING","packages/@scandiweb/magefan-blog/src/component/BlogPostComments/BlogPostComments.component.js"
"Details","Detalhes","Detalles","MISSING","MISSING","src/component/MyAccountMyOrders/MyAccountMyOrders.component.js"
"Enter your credit card details below:","Insira os dados do seu cartão de crédito abaixo:","Ingrese los datos de su tarjeta de crédito a continuación:","MISSING","MISSING","src/component/EWalletWithdrawTab/EWalletWithdrawTab.component.js"
"Sweepstakes","Sorteios","Lotería de carreras","MISSING","MISSING","src/plugin/route/MyAccount/MyAccount.container.plugin.js"
"Successfully subscribed to points expiring notification","MISSING","MISSING","MISSING","MISSING","src/component/MyAccountMyRewardPointsHistory/MyAccountMyRewardPointsHistory.container.js"
"Error updating wish list!","Erro ao atualizar a lista de desejos!","¡Error al actualizar la lista de deseos!","MISSING","MISSING","packages/@scandiweb/google-tag-manager/src/plugin/events/wishlistDispatcher.plugin.js"
"Comments:","Comentários:","Comentarios:","MISSING","MISSING","packages/@scandiweb/magefan-blog/src/component/BlogPostInfo/BlogPostInfo.component.js"
"Button text","Botão de texto","Botón de texto","MISSING","MISSING","src/route/StyleGuidePage/StyleGuidePage.component.js"
"Confirm New password","Confirme a nova senha","Confirmar nueva contraseña","MISSING","MISSING","src/component/MyAccountCustomerForm/MyAccountCustomerForm.form.js"
"Currently ""Modern (List)"" template is not supported by ScandiPWA.","Atualmente o modelo ""Moderno (Lista)"" não é suportado pelo ScandiPWA.","MISSING","MISSING","MISSING","packages/@scandiweb/magefan-blog/src/component/BlogPostList/BlogPostList.component.js"
"Send your Winning Gift Today","Envie seu vale presente hoje","Envía tu regalo ganador hoy","MISSING","MISSING","packages/@scandiweb/amasty-gift-cards/src/component/GiftCardProductActions/GiftCardProductActions.component.js"
"Phone: %s","Telefone: %s","Teléfono: %s","MISSING","MISSING","packages/@scandiweb/adobe-page-builder/src/component/Map/Map.component.js"
"Show lines","Mostrar linhas","Mostrar líneas","MISSING","MISSING","src/component/CartItem/CartItem.component.js"
"Related Posts","Posts Relacionadas","Artículos Relacionados","MISSING","MISSING","packages/@scandiweb/magefan-blog/src/component/BlogPost/BlogPost.component.js"
"Transaction ID","ID da transação","Identificación de la transacción","MISSING","MISSING","src/component/MyAccountMyTicketsSweepstakes/MyAccountMyTicketsSweepstakes.component.js"
"The requested qty is not available!","A quantidade solicitada não está disponível!","¡La cantidad solicitada no está disponible!","MISSING","MISSING","packages/@scandiweb/amasty-gift-cards/src/component/GiftCardAddToCart/GiftCardAddToCart.container.js"
"Apply","Aplicar","Aplicar","MISSING","MISSING","src/component/CartCoupon/CartCoupon.component.js"
"Forgot password?","Esqueceu sua senha?","¿Has olvidado tu contraseña?","MISSING","MISSING","src/component/MyAccountSignIn/MyAccountSignIn.component.js"
"Terms & Conditions","termos e Condições","Términos y condiciones","MISSING","MISSING","src/component/MyAccountCreateAccount/MyAccountCreateAccount.component.js"
"Enter an amount between %s and %s","Insira um valor entre %s e %s","Ingrese una cantidad entre %s y %s","MISSING","MISSING","src/component/EWalletAddCreditTab/EWalletAddCreditTab.component.js"
"Your first name","Seu primeiro nome","Su nombre","MISSING","MISSING","src/component/MyAccountCustomerForm/MyAccountCustomerForm.form.js"
"Multiple","Múltiplo","Múltiple","MISSING","MISSING","src/component/CartItem/CartItem.component.js"
"Transactions","Transações","Transacciones","MISSING","MISSING","src/component/MyAccountOverlay/MyAccountOverlay.component.js"
"Have a Gift Card?","Tem um Cartão Presente?","¿Tienes una Tarjeta de Regalo?","MISSING","MISSING","packages/@scandiweb/amasty-gift-cards/src/component/GiftCardExpandable/GiftCardExpandable.component.js"
"Card Value in %s","Valor do cartão em %s","Valor de la tarjeta en %s","MISSING","MISSING","packages/@scandiweb/amasty-gift-cards/src/component/GiftCardProductActions/GiftCardProductActions.component.js"
"Sorry! Minimum quantity for this product is %s!","Desculpe! A quantidade mínima para este produto é %s!","¡Lo siento! ¡La cantidad mínima para este producto es %s!","MISSING","MISSING","packages/@scandiweb/amasty-gift-cards/src/component/GiftCardAddToCart/GiftCardAddToCart.container.js"
"To unsubscribe from points expiring notification click ","MISSING","MISSING","MISSING","MISSING","src/component/MyAccountMyRewardPointsHistory/MyAccountMyRewardPointsHistory.component.js"
"Back to %s","Voltar para %s","Volver a","MISSING","MISSING","packages/@scandiweb/magefan-blog/src/component/BlogPost/BlogPost.component.js"
"has been placed!","foi colocado!","¡ha sido colocado!","MISSING","MISSING","src/component/CheckoutSuccess/CheckoutSuccess.component.js"
"Subtotal","MISSING","Total parcial","Total","نطاق فرعي","src/component/CheckoutOrderSummary/CheckoutOrderSummary.component.js"
"Register","Registro","Registro","MISSING","MISSING","src/component/MyAccountSignIn/MyAccountSignIn.component.js"
"first 3 orders!","MISSING","MISSING","MISSING","MISSING","src/component/MyAccountMyRewardPointsMyReferrals/MyAccountMyRewardPointsMyReferrals.component.js"
"Winnings","Ganhos","Ganancias","MISSING","MISSING","src/component/MyAccountMyTicketsTableRow/MyAccountMyTicketsTableRow.component.js"
"Account Number","Número de conta","Número de cuenta","MISSING","MISSING","src/component/EWalletWithdrawTab/EWalletWithdrawTab.component.js"
"Coupon was applied!","O cupom foi aplicado!","¡Se aplicó el cupón!","MISSING","MISSING","src/store/Cart/Cart.dispatcher.js"
"Explore all new items","Explorar todos os novos itens","Explora todos los artículos nuevos","MISSING","MISSING","src/route/CategoryPage/CategoryPage.component.js"
"From","De","De","MISSING","MISSING","packages/@scandiweb/amasty-gift-cards/src/component/GiftCardProductActions/GiftCardProductActions.component.js"
"Not registered?","Não registrado?","¿No registrado?","MISSING","MISSING","src/component/MyAccountSignIn/MyAccountSignIn.component.js"
"Credited","creditado","Acreditada","MISSING","MISSING","src/component/MyAccountMyEWalletTableRow/MyAccountMyEWalletTableRow.component.js"
"Passport","Passaporte","Pasaporte","MISSING","MISSING","src/component/EWalletWithdrawTab/EWalletWithdrawTab.component.js"
"Save","Salvar","Guardar","MISSING","MISSING","packages/@scandiweb/mageplaza-affiliate/src/component/MyAffiliateSettings/MyAffiliateSettings.component.js"
"Type","Tipo","Tipo","MISSING","MISSING","src/component/MyAccountMyOrders/MyAccountMyOrders.component.js"
"Thank you for your subscription.","Obrigado por sua assinatura!","Gracias por su suscripción.","MISSING","MISSING","packages/@scandiweb/google-tag-manager/src/plugin/events/newsletterDispatcher.plugin.js"
"More","Mais","Más","MISSING","MISSING","src/component/CartOverlay/CartOverlay.component.js"
"Your Wallet Balance is %s","Seu saldo da Carteira virtual é %s","Tu saldo de Wallet es %s","MISSING","MISSING","src/component/EWalletAddCreditTab/EWalletAddCreditTab.component.js"
"My E-Wallet Balance","Saldo da minha carteira eletrônica","Saldo de mi billetera electrónica","MISSING","MISSING","src/component/MyAccountMyEWallet/MyAccountMyEWallet.component.js"
"Redeem","Resgatar","Redimir","MISSING","MISSING","src/component/CustomerWallet/CustomerWallet.component.js"
"Related Products","produtos relacionados","Productos relacionados","MISSING","MISSING","packages/@scandiweb/magefan-blog/src/component/BlogPost/BlogPost.component.js"
"Choose card design","Escolha o design do cartão","Seleccione el diseño de la tarjeta","MISSING","MISSING","packages/@scandiweb/amasty-gift-cards/src/component/GiftCardProductActions/GiftCardProductActions.component.js"
"Product Name","Nome do Produto","Nombre del producto","Nom du produit","MISSING","packages/@scandiweb/amasty-gift-cards/src/component/MyAccountGiftCards/MyAccountGiftCards.component.js"
"Gift Card Image","Imagem do vale-presente","Imagen de tarjeta de regalo","MISSING","MISSING","packages/@scandiweb/amasty-gift-cards/src/component/MyAccountRecievedGiftCards/MyAccountRecievedGiftCards.component.js"
"Not possible to fetch while offline","Não é possível buscar enquanto estiver offline","No es posible buscar sin conexión","MISSING","MISSING","src/store/Cart/Cart.dispatcher.js"
"None","Nenhum","Ninguna o Ninguno","MISSING","MISSING","packages/@scandiweb/mageplaza-affiliate/src/component/MyAffiliateHome/MyAffiliateHome.component.js"
"Next Draw Date","Data do próximo sorteio","Fecha del próximo sorteo","MISSING","MISSING","src/component/MyAccountMyTickets/MyAccountMyTickets.component.js"
"Views:","Visualizações:","Vistas:","MISSING","MISSING","packages/@scandiweb/magefan-blog/src/component/BlogPostInfo/BlogPostInfo.component.js"
"Reward points have been removed!","MISSING","MISSING","MISSING","MISSING","src/store/Cart/Cart.dispatcher.js"
"We can't find posts matching the selection.","Não conseguimos encontrar postagens que correspondam à seleção.","No podemos encontrar publicaciones que coincidan con la selección","MISSING","MISSING","packages/@scandiweb/magefan-blog/src/component/BlogPostList/BlogPostList.component.js"
"Used Wallet Amount","Valor da carteira já utilizado","Cantidad de billetera usada","MISSING","MISSING","src/component/CheckoutOrderSummary/CheckoutOrderSummary.component.js"
"Author:","Autor:","Autor:","MISSING","MISSING","packages/@scandiweb/magefan-blog/src/component/BlogPostInfo/BlogPostInfo.component.js"
"Postal code","Código postal","Código postal","MISSING","MISSING","src/component/MyAccountRegisterCreateAddressForm/MyAccountRegisterCreateAddressForm.form.js"
"Enter your Code","Insira seu código","Ingrese su código","MISSING","MISSING","packages/@scandiweb/amasty-gift-cards/src/component/CodeStatusChecker/CodeStatusChecker.component.js"
"Send now","Enviar agora","Enviar ahora","MISSING","MISSING","packages/@scandiweb/amasty-gift-cards/src/component/GiftCardProductActions/GiftCardProductActions.component.js"
"Wallet Balance","Saldo da Carteira","Saldo de la cartera","MISSING","MISSING","src/component/CustomerWallet/CustomerWallet.component.js"
"Black","Preto","Negro","MISSING","MISSING","src/route/StyleGuidePage/StyleGuidePage.component.js"
"Total Amount","Montante total","Cantidad total","MISSING","MISSING","src/component/MyAccountMyStoreProducts/MyAccountMyStoreProducts.component.js"
"Bank Name","Nome do banco","Nombre del banco","MISSING","MISSING","src/component/EWalletWithdrawTab/EWalletWithdrawTab.component.js"
"Date","Data","Fecha","MISSING","MISSING","src/component/MyAccountMyStoreProducts/MyAccountMyStoreProducts.component.js"
"My Wish List","Minha Lista de Desejos","Mi lista de deseos","MISSING","MISSING","src/plugin/route/MyAccount/MyAccount.container.plugin.js"
"Card Number","Número do cartão","Número de tarjeta","MISSING","MISSING","src/component/EWalletWithdrawTab/EWalletWithdrawTab.component.js"
"You have no e-wallet history.","Você não tem histórico na carteira eletrônica.","No tienes historial de monedero electrónico.","MISSING","MISSING","src/component/MyAccountMyEWallet/MyAccountMyEWallet.component.js"
"Previous Article","artigo anterior","Artículo anterior","MISSING","MISSING","packages/@scandiweb/magefan-blog/src/component/BlogPost/BlogPost.component.js"
"Comment(s)","Comentário(s)","Comentario(s)","MISSING","MISSING","packages/@scandiweb/magefan-blog/src/component/BlogPostComments/BlogPostComments.component.js"
"Change Language","Alterar o idioma","Cambiar idioma","MISSING","MISSING","src/component/StoreSwitcher/StoreSwitcher.component.js"
"Trending Draws","Tendências de sorteios","Sorteos de tendencia","MISSING","MISSING","src/component/GameListWidget/GameListWidget.config.js"
"e-Gift Card","vale-presente eletrônico","Tarjeta de regalo electrónica","MISSING","MISSING","packages/@scandiweb/amasty-gift-cards/src/component/GiftCardProductActions/GiftCardProductActions.component.js"
"There are no referrals","MISSING","MISSING","MISSING","MISSING","src/component/MyAccountMyRewardPointsMyReferrals/MyAccountMyRewardPointsMyReferrals.component.js"
"Reference ID","Referência ID","Identificación de referencia","MISSING","MISSING","src/component/EWalletWithdrawTab/EWalletWithdrawTab.component.js"
"Code","Código","Código","MISSING","MISSING","packages/@scandiweb/amasty-gift-cards/src/component/GiftCardInput/GiftCardInput.component.js"
"Bank Statement","Extrato bancário","Extracto de cuenta","MISSING","MISSING","src/component/EWalletWithdrawTab/EWalletWithdrawTab.component.js"
"Card Holder Name","Nome do Titular","Nombre del titular de la tarjeta","MISSING","MISSING","src/component/EWalletWithdrawTab/EWalletWithdrawTab.component.js"
"Green button","Botão Verde","Botón verde","MISSING","MISSING","src/route/StyleGuidePage/StyleGuidePage.component.js"
"Cancel","Cancelar","Cancelar","MISSING","MISSING","src/component/CustomerWallet/CustomerWallet.component.js"
"Please enter positive only positive numeric values","MISSING","MISSING","MISSING","MISSING","src/component/CustomerWallet/CustomerWallet.component.js"
"Want to send a physical gift card or prefer to keep things digital?","Quer enviar um vale-presente físico ou prefere manter tudo digital?","¿Quieres enviar una tarjeta de regalo física o prefieres mantener las cosas digitales?","MISSING","MISSING","packages/@scandiweb/amasty-gift-cards/src/component/GiftCardProductActions/GiftCardProductActions.component.js"
"Submit","Enviar","Entregar","MISSING","MISSING","src/component/EWalletWithdrawTab/EWalletWithdrawTab.component.js"
"First Name","Primeiro nome","Primer nombre","MISSING","MISSING","src/component/MyAccountCreateAccount/MyAccountCreateAccount.component.js"
"Forgot password","Esqueceu sua senha","Has olvidado tu contraseña","MISSING","MISSING","src/component/MyAccountOverlay/MyAccountOverlay.component.js"
"Enter Recipient Name","Digite o nome do destinatário","Ingrese el nombre del destinatario","MISSING","MISSING","packages/@scandiweb/amasty-gift-cards/src/component/GiftCardProductActions/GiftCardProductActions.component.js"
"Enter Recipient Email","Digite o e-mail do destinatário","ingrese el correo electrónico del destinatario","MISSING","MISSING","packages/@scandiweb/amasty-gift-cards/src/component/GiftCardProductActions/GiftCardProductActions.component.js"
"Max: %s","Máx.: %s","Máx: %s","MISSING","MISSING","packages/@scandiweb/amasty-gift-cards/src/component/GiftCardProductActions/GiftCardProductActions.container.js"
"My Referrals","MISSING","MISSING","MISSING","MISSING","src/plugin/route/MyAccount/MyAccount.container.plugin.js"
"Expiry Date","Data de validade","Fecha de caducidad","MISSING","MISSING","src/component/EWalletWithdrawTab/EWalletWithdrawTab.component.js"
"Phone number","Número de telefone","Número de teléfono","MISSING","MISSING","src/component/MyAccountRegisterCreateAddressForm/MyAccountRegisterCreateAddressForm.form.js"
"VISA / Mastercard","VISA/Mastercard","Visa Mastercard","MISSING","MISSING","src/component/MyAccountOrderTableRow/MyAccountOrderTableRow.component.js"
"Enter your message","Digite sua mensagem","Ingrese su mensaje","MISSING","MISSING","packages/@scandiweb/amasty-gift-cards/src/component/GiftCardProductActions/GiftCardProductActions.component.js"
"Error submitting referrals","MISSING","MISSING","MISSING","MISSING","src/component/MyAccountMyRewardPointsMyReferrals/MyAccountMyRewardPointsMyReferrals.container.js"
"Transaction At","Transação em","Transacción en","MISSING","MISSING","src/component/MyAccountMyEWallet/MyAccountMyEWallet.component.js"
"Name","Nome","Nombre","MISSING","MISSING","src/component/MyAccountMyRewardPointsMyReferrals/MyAccountMyRewardPointsMyReferrals.component.js"
"Files upload has been failed. Trying again in 2 seconds...","MISSING","MISSING","MISSING","MISSING","src/component/EWalletWithdrawTab/EWalletWithdrawTab.container.js"
"Successfully unsubscribed to points expiring notification","MISSING","MISSING","MISSING","MISSING","src/component/MyAccountMyRewardPointsHistory/MyAccountMyRewardPointsHistory.container.js"
"Please login or register as a customer to add Gift Card Codes to your customer account and display here.","Faça login para comprar um vale-presente.","Inicie sesión o regístrese como cliente para agregar códigos de tarjetas de regalo a su cuenta de cliente y mostrarlos aquí.","MISSING","MISSING","packages/@scandiweb/amasty-gift-cards/src/component/GiftCardInput/GiftCardInput.component.js"
"You saved additional %s","Você economizou mais %s","Guardaste %s adicionales","MISSING","MISSING","src/component/CartCoupon/CartCoupon.component.js"
"Create an account","Crie a sua conta aqui","Crea una cuenta","MISSING","MISSING","src/component/MyAccountOverlay/MyAccountOverlay.component.js"
"Read more","Consulte Mais informação","Leer más","MISSING","MISSING","packages/@scandiweb/magefan-blog/src/component/BlogPostListItem/BlogPostListItem.component.js"
"Explore all news","Explorar todas as notícias","Explora todas las noticias","MISSING","MISSING","packages/@scandiweb/magefan-blog/src/route/BlogPage/BlogPage.component.js"
"Explore the very best game","Explore o melhor jogo","Explora el mejor juego","MISSING","استكشف أفضل لعبة","src/component/GameListWidget/GameListWidget.config.js"
"Sign in to your account","Faça login em sua conta","Iniciar sesión en tu cuenta","MISSING","MISSING","src/component/CheckoutGuestForm/CheckoutGuestForm.component.js"
"Welcome to","Bem-vindo ao","Bienvenido a","MISSING","MISSING","src/component/MyAccountOverlay/MyAccountOverlay.component.js"
"Recipient Mobile Number","Número de celular do destinatário","Número de móvil del destinatario","MISSING","MISSING","packages/@scandiweb/amasty-gift-cards/src/component/GiftCardProductActions/GiftCardProductActions.component.js"
"Notifications","Notificações","Notificaciones","MISSING","إشعارات","src/plugin/route/MyAccount/MyAccount.container.plugin.js"
"Recipient Phone","Telefone do Destinatário","Teléfono del destinatario","MISSING","MISSING","packages/@scandiweb/amasty-gift-cards/src/component/GiftCardsOptions/CartItemGiftCardOptions.component.js"
"Black button","Botão preto","Botón negro","MISSING","MISSING","src/route/StyleGuidePage/StyleGuidePage.component.js"
"To subscribe from points expiring notification click ","MISSING","MISSING","MISSING","MISSING","src/component/MyAccountMyRewardPointsHistory/MyAccountMyRewardPointsHistory.component.js"
"Main product details","Detalhes principais do produto","Detalles del producto principal","MISSING","MISSING","src/route/ProductPage/ProductPage.component.js"
"Next Article","Próximo artigo","Artículo siguiente","MISSING","MISSING","packages/@scandiweb/magefan-blog/src/component/BlogPost/BlogPost.component.js"
"Points Balance","MISSING","MISSING","MISSING","MISSING","src/component/CustomerWallet/CustomerWallet.component.js"
"Account","Conta","Cuenta","Compte","MISSING","src/component/MyAccountTabList/MyAccountTabList.config.js"
"Out of stock","Fora de estoque","Agotado","MISSING","MISSING","src/component/ProductCard/ProductCard.component.js"
"Value","Valor","Valor","MISSING","MISSING","src/component/MyAccountMyOrders/MyAccountMyOrders.component.js"
"EWallet Credit","Crédito EWallet","Crédito de billetera electrónica","MISSING","MISSING","src/component/MyAccountOrderTableRow/MyAccountOrderTableRow.component.js"
"Transactional [default state + hover]","Transacional [estado padrão + foco]","Transaccional [estado predeterminado + desplazamiento]","MISSING","MISSING","src/route/StyleGuidePage/StyleGuidePage.component.js"
"Yes, I have read the ","Sim, eu li o","Sí, he leído el","MISSING","MISSING","packages/@scandiweb/magefan-blog/src/component/BlogPostComments/BlogPostComments.component.js"
"Secondary button","Botão secundário","Botón secundario","MISSING","MISSING","src/route/StyleGuidePage/StyleGuidePage.component.js"
"I agree to the","Estou de acordo com","Estoy de acuerdo con la","MISSING","MISSING","src/component/MyAccountCreateAccount/MyAccountCreateAccount.component.js"
"You have no received gift cards.","Você não recebeu vales-presente.","No has recibido tarjetas de regalo","Vous n'avez pas reçu de cartes cadeaux","MISSING","packages/@scandiweb/amasty-gift-cards/src/component/MyAccountRecievedGiftCards/MyAccountRecievedGiftCards.component.js"
"Your current password","Sua senha atual","Tu contraseña actual","MISSING","MISSING","src/component/MyAccountCustomerForm/MyAccountCustomerForm.form.js"
"privacy policy","política de Privacidade","política de privacidad","MISSING","MISSING","packages/@scandiweb/magefan-blog/src/component/BlogPostComments/BlogPostComments.component.js"
"SKU","MISSING","MISSING","MISSING","MISSING","src/component/MyAccountMyTicketsTableRowStore/MyAccountMyTicketsTableRowStore.component.js"
"Confirm Password","Confirme sua senha","Confirmar Contraseña","MISSING","MISSING","src/component/PasswordChangeForm/PasswordChangeForm.form.js"
"Send","Enviar","Enviar","MISSING","MISSING","src/component/MyAccountForgotPassword/MyAccountForgotPassword.component.js"
"Reply","Responder","Responder","MISSING","MISSING","packages/@scandiweb/magefan-blog/src/component/BlogPostComments/BlogPostComments.component.js"
"Lotteries","Loterias","Loterías","MISSING","MISSING","src/plugin/route/MyAccount/MyAccount.container.plugin.js"
"Enter Your Name","Digite seu nome","Ingrese su nombre","MISSING","MISSING","packages/@scandiweb/amasty-gift-cards/src/component/GiftCardProductActions/GiftCardProductActions.component.js"
"NO WIN","AGORA EM","AHORA EN","MISSING","MISSING","src/component/MyAccountMyTicketsTableRow/MyAccountMyTicketsTableRow.component.js"
"Send the gift of winning. Purchase a eGift Card.","Envie o presente de vitória. Compre um cartão eGift.","Envía el regalo de ganar. Compra una tarjeta de regalo electrónica","MISSING","MISSING","src/component/GameListWidget/GameListWidget.config.js"
"Store flag","bandeira da loja","Bandera de la tienda","MISSING","MISSING","src/component/FlagIcon/FlagIcon.component.js"
"Shop Now","Compre agora","Compra ahora","MISSING","MISSING","src/component/CartOverlay/CartOverlay.component.js"
"New password","Nova Senha","Nueva contraseña","MISSING","MISSING","src/component/MyAccountCustomerForm/MyAccountCustomerForm.form.js"
"Sign In","Entrar","Iniciar sesión","MISSING","MISSING","packages/@scandiweb/magefan-blog/src/component/BlogPostComments/BlogPostComments.component.js"
"You are successfully logged in!","Seu login foi realizado com sucesso!","¡Has iniciado sesión correctamente!","MISSING","MISSING","src/store/MyAccount/MyAccount.dispatcher.js"
"Incorrect email format!","Formato de e-mail incorreto!","¡Formato de correo electrónico incorrecto!","MISSING","MISSING","packages/@scandiweb/mageplaza-affiliate/src/component/MyAffiliateSignup/MyAffiliateSignup.container.js"
"Sign in to add a comment...","Faça login para adicionar um comentário...","MISSING","MISSING","MISSING","packages/@scandiweb/magefan-blog/src/component/BlogPostComments/BlogPostComments.component.js"
"Checkout page","página de checkout","Página de pago","MISSING","MISSING","src/route/Checkout/Checkout.component.js"
"Your email","Seu endereço de email","Tu correo electrónico","MISSING","MISSING","src/component/ContactForm/ContactForm.form.js"
"{{days}} Day {{hours}} Hours {{minutes}} Mins","{{days}} Dia {{hours}} Horas {{minutes}} Minutos","{{days}} Día {{hours}} Horas {{minutes}} Minutos","MISSING","MISSING","src/component/GameListWidget/GameListWidget.config.js"
"Credit Card","Cartão de crédito","Tarjeta de crédito","MISSING","MISSING","src/component/EWalletWithdrawTab/EWalletWithdrawTab.component.js"
"Sorry! The product %s is out of stock!","Desculpe! O produto %s está esgotado!","¡Lo siento! ¡El producto %s está agotado!","MISSING","MISSING","packages/@scandiweb/amasty-gift-cards/src/component/GiftCardAddToCart/GiftCardAddToCart.container.js"
"Payment method","Forma de pagamento","Método de pago","MISSING","طريقة الدفع او السداد","src/component/CheckoutPayments/CheckoutPayments.component.js"
"Lottery Products","Produtos de loteria","Productos de lotería","MISSING","MISSING","src/component/CheckoutOrderSummary/CheckoutOrderSummary.component.js"
"Your MTN country code","MISSING","MISSING","MISSING","MISSING","src/component/CheckoutPayment/CheckoutPayment.component.js"
"Pending","Pendente","Pendiente","MISSING","MISSING","src/component/MyAccountMyTicketsTableRow/MyAccountMyTicketsTableRow.component.js"
"My Account","Minha conta","Mi cuenta","MISSING","MISSING","src/plugin/route/MyAccount/MyAccount.container.plugin.js"
"ID Front","Frente de identificação","Frente de identificación","MISSING","MISSING","src/component/EWalletWithdrawTab/EWalletWithdrawTab.component.js"
"%s Line | %s Draws - Next Draw Date %s","%s Linha | % Sorteio - Data do próximo sorteio %s","%s Línea | % Sorteo - Fecha del sigiente sorteo %s","MISSING","MISSING","src/component/CartItem/CartItem.component.js"
"Can only submit rows where both of the values are provided","MISSING","MISSING","MISSING","MISSING","src/component/MyAccountMyRewardPointsMyReferrals/MyAccountMyRewardPointsMyReferrals.component.js"
"Send later","enviar mais tarde","Envíalo después","MISSING","MISSING","packages/@scandiweb/amasty-gift-cards/src/component/GiftCardProductActions/GiftCardProductActions.component.js"
"Discount","Desconto","Descuento","MISSING","MISSING","packages/@scandiweb/amasty-special-promotions-pro/src/plugin/AddFullDiscountData.plugin.js"
"Logout","Sair","MISSING","MISSING","MISSING","src/component/MyAccountOverlay/MyAccountOverlay.component.js"
"Expand","Expandir","Expandir","MISSING","MISSING","src/component/MyAccountMyStoreProducts/MyAccountMyStoreProducts.component.js"
"All you need to know","Tudo que você precisa saber","Todo lo que tú necesitas saber","MISSING","MISSING","packages/@scandiweb/magefan-blog/src/route/BlogPage/BlogPage.component.js"
"Points","MISSING","MISSING","MISSING","MISSING","src/component/MyAccountMyRewardPointsMyReferrals/MyAccountMyRewardPointsMyReferrals.component.js"
"Enter amount","Insira o valor","Ingrese la cantidad","MISSING","MISSING","src/component/CustomerWallet/CustomerWallet.component.js"
"Action","Ação","Acción","MISSING","MISSING","src/component/MyAccountMyEWallet/MyAccountMyEWallet.component.js"
"Thank you for your comment.","Obrigado pelo seu comentário.","Gracias por tu comentario.","MISSING","MISSING","packages/@scandiweb/magefan-blog/src/component/BlogPostComments/BlogPostComments.container.js"
"Discount Coupon","Cupom de desconto","Cupón de descuento","MISSING","MISSING","src/component/MyAccountOrderTableRow/MyAccountOrderTableRow.component.js"
"Choose which balance you wish to use to complete your transaction","Escolha qual saldo deseja usar para concluir sua transação","Elija qué saldo desea utilizar para completar su transacción","MISSING","MISSING","src/component/CustomerWallet/CustomerWallet.component.js"
"Back to site","Voltar ao site","Volver al sitio","MISSING","MISSING","src/component/MyAccountTabList/MyAccountTabList.component.js"
"ID Back","ID de volta","Regreso de identificación","MISSING","MISSING","src/component/EWalletWithdrawTab/EWalletWithdrawTab.component.js"
"Coupon","Cupom","Cupón","MISSING","MISSING","packages/@scandiweb/amasty-special-promotions-pro/src/plugin/AddFullDiscountData.plugin.js"
"Status Description","MISSING","MISSING","MISSING","MISSING","src/component/MyAccountMyRewardPointsHistory/MyAccountMyRewardPointsHistory.component.js"
"Sender Name","Nome do remetente","Nombre del remitente","MISSING","MISSING","packages/@scandiweb/amasty-gift-cards/src/component/GiftCardsOptions/CartItemGiftCardOptions.component.js"
"Used Reward Points","MISSING","MISSING","MISSING","MISSING","src/component/CheckoutOrderSummary/CheckoutOrderSummary.component.js"
"Sweepstake","Sorteio","Sorteo","MISSING","MISSING","src/component/MyAccountOrderTableRow/MyAccountOrderTableRow.component.js"
"Product was added to cart!","O produto foi adicionado ao carrinho!","¡El producto fue agregado al carrito!","MISSING","MISSING","src/store/Cart/Cart.dispatcher.js"
"Your Name","Seu nome","Su nombre","MISSING","MISSING","packages/@scandiweb/amasty-gift-cards/src/component/GiftCardProductActions/GiftCardProductActions.component.js"
"Could not get requested product information!","Não foi possível obter as informações do produto solicitadas!","¡No se pudo obtener la información del producto solicitado!","MISSING","MISSING","src/store/ProductWidget/ProductWidget.dispatcher.js"
"Recipient Details","Detalhes do destinatário","Detalles del destinatario","Détails du destinataire","MISSING","packages/@scandiweb/amasty-gift-cards/src/component/MyAccountGiftCards/MyAccountGiftCards.component.js"
"Account Name","Nome da conta","Nombre de la cuenta","MISSING","MISSING","src/component/EWalletWithdrawTab/EWalletWithdrawTab.component.js"
"Add a comment...","Adicione um comentário...","Añadir un comentario...","MISSING","MISSING","packages/@scandiweb/magefan-blog/src/component/BlogPostComments/BlogPostComments.component.js"
"Profile","Perfil","Perfil","MISSING","MISSING","src/plugin/route/MyAccount/MyAccount.container.plugin.js"
"Wallet amount was applied!","O valor foi adicionado na carteira!","¡Se aplicó el monto de la billetera!","MISSING","MISSING","src/store/Cart/Cart.dispatcher.js"
"My Points","MISSING","MISSING","MISSING","MISSING","src/plugin/route/MyAccount/MyAccount.container.plugin.js"
"Draw Complete","Sorteio concluído","Dibujar completo","Tirage terminé","MISSING","src/component/MyAccountMyTicketsTableRow/MyAccountMyTicketsTableRow.component.js"
"Address","Endereço","DIRECCIÓN","MISSING","MISSING","src/plugin/route/MyAccount/MyAccount.container.plugin.js"
"Could not add product to cart!","Não foi possível adicionar o produto ao carrinho!","¡No se pudo agregar el producto al carrito!","MISSING","MISSING","src/component/SweepstakeGameWidget/SweepstakeGameWidget.container.js"
"Your gift card will be send upon Completion of your purchase","Seu vale-presente será enviado após a conclusão da compra","Su tarjeta de regalo se enviará al completar su compra","MISSING","MISSING","packages/@scandiweb/amasty-gift-cards/src/component/GiftCardProductActions/GiftCardProductActions.component.js"
"Wallet","Carteira","Billetera","MISSING","MISSING","src/plugin/route/MyAccount/MyAccount.container.plugin.js"
"Passwords can't be the same as email!","As senhas não podem ser iguais ao e-mail!","¡Las contraseñas no pueden ser las mismas que el correo electrónico!","MISSING","MISSING","src/component/MyAccountCreateAccount/MyAccountCreateAccount.component.js"
"Price: Excluding Of All Taxes","Preço: Excluindo todos os impostos","Precio: Sin Impuestos","MISSING","MISSING","src/component/ProductPrice/ProductPrice.component.js"
"Recipient Name","Nome do Destinatário","Nombre del destinatario","MISSING","MISSING","packages/@scandiweb/amasty-gift-cards/src/component/GiftCardsOptions/CartItemGiftCardOptions.component.js"
"Your street address","Seu endereço","La dirección de tu calle","MISSING","MISSING","src/component/MyAccountRegisterCreateAddressForm/MyAccountRegisterCreateAddressForm.form.js"
"Physical Gift Card","Cartão-presente físico","Tarjeta de regalo física","MISSING","MISSING","packages/@scandiweb/amasty-gift-cards/src/component/GiftCardProductActions/GiftCardProductActions.component.js"
"Enter your bank account details below:","Insira os dados da sua conta bancária abaixo:","Ingrese los detalles de su cuenta bancaria a continuación:","Saisissez ci-dessous vos coordonnées bancaires :","MISSING","src/component/EWalletWithdrawTab/EWalletWithdrawTab.component.js"
"Your name","Seu nome","Su nombre","MISSING","MISSING","src/component/ContactForm/ContactForm.form.js"
"100% Secure Payments","Pagamentos 100% Seguros","100% Pagos seguros","MISSING","MISSING","src/route/Checkout/Checkout.component.js"
"Total","MISSING","MISSING","MISSING","المجموع","src/component/CheckoutOrderSummary/CheckoutOrderSummary.component.js"
"Current password","Senha atual","Contraseña actual","MISSING","MISSING","src/component/MyAccountCustomerForm/MyAccountCustomerForm.form.js"
"Complete order","Concluir Pedido","Orden completa","MISSING","MISSING","packages/@scandiweb/amasty-gift-cards/src/component/GiftCardPaymentPopup/GiftCardPaymentPopup.component.js"
"Lottery","Loteria","Lotería","MISSING","MISSING","src/component/MyAccountOrderTableRow/MyAccountOrderTableRow.component.js"
"Recipient Email","E-mail do destinatário","Correo electrónico del destinatario","MISSING","MISSING","packages/@scandiweb/amasty-gift-cards/src/component/GiftCardsOptions/CartItemGiftCardOptions.component.js"
"Reward Points","MISSING","MISSING","MISSING","MISSING","src/component/CheckoutOrderSummary/CheckoutOrderSummary.component.js"
"Tags:","Tag:","Etiquetas:","MISSING","MISSING","packages/@scandiweb/magefan-blog/src/component/BlogPostInfo/BlogPostInfo.component.js"
"No. Of Draws","Número de sorteios","Número de sorteos","Nombre de tirages","MISSING","src/component/MyAccountMyTickets/MyAccountMyTickets.component.js"
"No Win","Agora em","Ahora en","MISSING","MISSING","src/component/MyAccountMyTicketsTableRowSweepstakes/MyAccountMyTicketsTableRowSweepstakes.component.js"
"Already registered?","Já registrado?","¿Ya estás registrado?","MISSING","MISSING","src/component/MyAccountCreateAccount/MyAccountCreateAccount.component.js"
"Both","Ambas o Ambos","Ambas o Ambos","MISSING","MISSING","packages/@scandiweb/amasty-gift-cards/src/component/GiftCardProductActions/GiftCardProductActions.component.js"
"Sign me up for exclusive newsletter deals, sweepstakes and 24-hour sales are only available to subscribers.","Inscreva-me para ofertas exclusivas do blog de notícias, sorteios e vendas 24 horas disponíveis apenas para assinantes.","Suscríbeme para ofertas exclusivas de boletines, sorteos y ventas de 24 horas solo disponibles para suscriptores.","MISSING","MISSING","src/component/MyAccountCreateAccount/MyAccountCreateAccount.component.js"
"Could not create the default user address.","Não foi possível criar o endereço de usuário padrão.","No se pudo crear la dirección de usuario predeterminada.","MISSING","MISSING","src/component/MyAccountCreateAccount/MyAccountCreateAccount.container.js"
"Passwords do not match!","As senhas não coincidem!","¡Las contraseñas no coinciden!","MISSING","MISSING","src/component/MyAccountCreateAccount/MyAccountCreateAccount.component.js"
"(Including P&P)","(Incluindo P&P)","(Incluyendo P&P)","MISSING","MISSING","src/component/ProductCard/ProductCard.component.js"
"Check them out now!","Confira agora!","¡Échales un vistazo ahora!","MISSING","MISSING","src/component/CategoryDetails/CategoryDetails.component.js"
"Withdraw","Retirar","Retirar","MISSING","MISSING","src/component/MyAccountEWalletPopup/MyAccountEWalletPopup.component.js"
"Your order","Seu pedido","Su pedido","MISSING","MISSING","src/component/CheckoutSuccess/CheckoutSuccess.component.js"
"Or","Ou","O","MISSING","MISSING","src/component/MyAccountOverlay/MyAccountOverlay.component.js"
"You submitted your comment for moderation.","Você enviou seu comentário para moderação.","Enviaste tu comentario para moderación","MISSING","MISSING","packages/@scandiweb/magefan-blog/src/component/BlogPostComments/BlogPostComments.container.js"
"Other amount:","Outro montante:","Otra cantidad:","MISSING","MISSING","packages/@scandiweb/amasty-gift-cards/src/component/GiftCardProductActions/GiftCardProductActions.component.js"
"You have invited %s friends","MISSING","MISSING","MISSING","MISSING","src/component/MyAccountMyRewardPointsMyReferrals/MyAccountMyRewardPointsMyReferrals.component.js"
"Your gift card has been purchased!","Seu vale-presente foi comprado!","¡Tu tarjeta de regalo ha sido comprada!","MISSING","MISSING","src/component/CheckoutSuccess/CheckoutSuccess.component.js"
"Documents","MISSING","MISSING","MISSING","MISSING","src/component/MyAccountCustomerForm/MyAccountCustomerForm.form.js"
"Maximum Credit Card Withdrawals %s","Máximo de retiradas de cartão de crédito %s","Retiros máximos con tarjeta de crédito %s","MISSING","MISSING","src/component/EWalletWithdrawTab/EWalletWithdrawTab.component.js"
"Confirm","confirmar","Confirmar","MISSING","MISSING","src/component/MyAccountCreateAccount/MyAccountCreateAccount.component.js"
"You've earned %1 for Tweet!","MISSING","MISSING","MISSING","MISSING","src/component/TwitterShareButton/TwitterShareButton.container.js"
"%s Game Rules","%s Regras do Jogo","%s Reglas del Juego","MISSING","MISSING","src/component/ProductInformation/ProductInformation.component.js"
"Email","E-mail","Correo electrónico","MISSING","MISSING","src/component/MyAccountSignIn/MyAccountSignIn.component.js"
"Product Costs","Custos do produto","Costos del producto","Coûts des produits","MISSING","src/component/MyAccountMyTicketsTableRowStore/MyAccountMyTicketsTableRowStore.component.js"
"We have sent an email with your order details. If the email hasn’t arrived within two minutes, please check your spam folder to see if the email was routed there.","MISSING","MISSING","MISSING","MISSING","src/component/CheckoutSuccess/CheckoutSuccess.component.js"
"Select region...","Selecione a região...","Seleccione región...","MISSING","MISSING","src/component/MyAccountRegisterCreateAddressForm/MyAccountRegisterCreateAddressForm.form.js"
"Supportive [default state + hover]","Suporte [estado padrão + foco]","Soporte [estado predeterminado + desplazamiento]","MISSING","MISSING","src/route/StyleGuidePage/StyleGuidePage.component.js"
"Could not retrieve game data.","Não foi possível recuperar os dados do jogo.","No se pudieron recuperar los datos del juego.","MISSING","MISSING","src/component/ResultsWidget/ResultsWidget.container.js"
"%s / entry","%s/entrada","%s/entrada","MISSING","MISSING","src/component/CartItem/CartItem.component.js"
"Something went wrong with style JSON","Algo deu errado com o estilo JSON","Algo salió mal con el estilo JSON","MISSING","MISSING","src/component/ResultsWidget/ResultsWidget.container.js"
"No product data!","Nenhum dado do produto!","¡Sin datos de producto!","MISSING","MISSING","src/store/Cart/Cart.dispatcher.js"
"From  ","De","De","MISSING","MISSING","packages/@scandiweb/amasty-gift-cards/src/util/GetPrice.js"
"Play","Jogar","Jugar","MISSING","MISSING","src/component/GameListWidget/GameListWidget.config.js"
"Number of Entries","Número de entradas","Número de entradas","Nombre d'entrées","MISSING","src/component/MyAccountMyTicketsSweepstakes/MyAccountMyTicketsSweepstakes.component.js"
"Right icon","ícone direito","Icono derecho","MISSING","MISSING","src/component/CopyrightWidget/CopyrightWidget.component.js"
"Hello","Olá","Hola","MISSING","MISSING","src/component/MyAccountOverlay/MyAccountOverlay.component.js"
"Newsletter Subscription","Assinatura de Newsletter","Boletín de suscripción","MISSING","MISSING","src/plugin/route/MyAccount/MyAccount.container.plugin.js"
"Delivery Date","Data de entrega","Fecha de entrega","MISSING","MISSING","packages/@scandiweb/amasty-gift-cards/src/component/GiftCardProductActions/GiftCardProductActions.component.js"
"Image","Imagem","Imagen","MISSING","MISSING","src/component/MyAccountMyTicketsSweepstakes/MyAccountMyTicketsSweepstakes.component.js"
"Share & Save","MISSING","MISSING","MISSING","MISSING","src/plugin/route/MyAccount/MyAccount.container.plugin.js"
"Timezone","Fuso horário","Zona horaria","MISSING","MISSING","packages/@scandiweb/amasty-gift-cards/src/component/GiftCardProductActions/GiftCardProductActions.component.js"
"Message","Mensagem","Mensaje","MISSING","MISSING","packages/@scandiweb/amasty-gift-cards/src/component/GiftCardsOptions/CartItemGiftCardOptions.component.js"
"Gift Card","Cartão Presente","Tarjeta de regalo","MISSING","MISSING","src/component/MyAccountOrderTableRow/MyAccountOrderTableRow.component.js"
"Valid Till","Válido até","Válido hasta","MISSING","MISSING","packages/@scandiweb/amasty-gift-cards/src/component/GiftCardInput/GiftCardInput.component.js"
"Your street address line %s","Seu endereço %s","Línea de dirección de tu calle %s","MISSING","MISSING","src/component/MyAccountRegisterCreateAddressForm/MyAccountRegisterCreateAddressForm.form.js"
"My Reward Points","MISSING","MISSING","MISSING","MISSING","src/plugin/route/MyAccount/MyAccount.container.plugin.js"
"Send Invitations","MISSING","MISSING","MISSING","MISSING","src/component/MyAccountMyRewardPointsMyReferrals/MyAccountMyRewardPointsMyReferrals.component.js"
"Add Credit","Adicionar crédito","Añadir crédito","MISSING","MISSING","src/component/EWalletAddCreditTab/EWalletAddCreditTab.component.js"
"Store","Loja","Almacenar","MISSING","MISSING","src/plugin/route/MyAccount/MyAccount.container.plugin.js"
"New Password","Nova Senha","Nueva contraseña","MISSING","MISSING","src/component/PasswordChangeForm/PasswordChangeForm.form.js"
"Please enter only positive numeric values","MISSING","MISSING","MISSING","MISSING","src/component/CustomerWallet/CustomerWallet.component.js"
"Draw Status","Status do sorteio","Estado del sorteo","Statut du tirage","MISSING","src/component/MyAccountMyTicketsTableRowSweepstakes/MyAccountMyTicketsTableRowSweepstakes.component.js"
"Cart (%s)","Carrinho (%s)","Carrito (%s)","Chariot (%s)","MISSING","src/component/CartOverlay/CartOverlay.component.js"
"Adding...","Adicionando...","Agregando...","MISSING","MISSING","src/component/AddToCart/AddToCart.component.js"
"Enter Amount to Withdraw","Insira o valor para sacar","Ingrese el monto a retirar","MISSING","MISSING","src/component/EWalletWithdrawTab/EWalletWithdrawTab.component.js"
"Ticket Numbers","Números de ingressos","Números de boleto","Numéros de billets","MISSING","src/component/MyAccountMyTicketsTableRowSweepstakes/MyAccountMyTicketsTableRowSweepstakes.component.js"
"Your last name","Seu último sobrenome","Tu apellido","MISSING","MISSING","src/component/MyAccountCustomerForm/MyAccountCustomerForm.form.js"
"Card Value","Valor do cartão","Valor de la tarjeta","MISSING","MISSING","packages/@scandiweb/amasty-gift-cards/src/component/GiftCardsOptions/CartItemGiftCardOptions.component.js"
"Balance","Equilíbrio","MISSING","Équilibre","توازن","packages/@scandiweb/amasty-gift-cards/src/component/MyAccountRecievedGiftCards/MyAccountRecievedGiftCards.component.js"
"Gift Cards","Cartões de presente","Tarjetas de regalo","MISSING","MISSING","src/plugin/route/MyAccount/MyAccount.container.plugin.js"
"Check this out!","MISSING","MISSING","MISSING","MISSING","src/component/TwitterShareButton/TwitterShareButton.component.js"
"WIN","GANHAR","GANAR","MISSING","MISSING","src/component/MyAccountMyTicketsTableRow/MyAccountMyTicketsTableRow.component.js"
"Choose your form of Identification:","Escolha sua forma de identificação:","Elige tu forma de Identificación:","MISSING","MISSING","src/component/EWalletWithdrawTab/EWalletWithdrawTab.component.js"
"Close","Fechar","Cerrar","MISSING","MISSING","src/component/MyAccountEWalletPopup/MyAccountEWalletPopup.component.js"
"Enter coupon code*","Digite o código do cupom*","Ingrese el código del cupón*","MISSING","MISSING","src/component/CartCoupon/CartCoupon.component.js"
"To","Para","A","MISSING","MISSING","packages/@scandiweb/amasty-gift-cards/src/component/GiftCardProductActions/GiftCardProductActions.component.js"
"Gift Card %s","Cartão de oferta %s","Tarjetas de regalo","MISSING","MISSING","packages/@scandiweb/amasty-gift-cards/src/plugin/Checkout/CheckoutOrderSummary.plugin.js"
"No. Of Lines","Número de linhas","Número de líneas","Nombre de lignes","MISSING","src/component/MyAccountMyTickets/MyAccountMyTickets.component.js"
"Single","Solteiro \ Solteira","Soltero","MISSING","MISSING","src/component/CartItem/CartItem.component.js"
"Create new account","Criar nova conta","Crear una nueva cuenta","MISSING","MISSING","src/component/CheckoutGuestForm/CheckoutGuestForm.component.js"
"Password","Senha","Contraseña","MISSING","MISSING","src/component/MyAccountSignIn/MyAccountSignIn.component.js"
"You may send this link in your messages to anyone","MISSING","MISSING","MISSING","MISSING","src/component/MyAccountMyRewardPointsShareAndSave/MyAccountMyRewardPointsShareAndSave.component.js"
"Remove","Remover","Eliminar","MISSING","MISSING","packages/@scandiweb/amasty-gift-cards/src/component/AppliedGiftCards/AppliedGiftCards.component.js"
"You have no tickets.","Você não possui jogos.","No tienes entradas.","MISSING","MISSING","src/component/MyAccountMyTickets/MyAccountMyTickets.component.js"
"Enter Amount to Credit","Insira o valor do crédito","Ingrese el monto a acreditar","MISSING","MISSING","src/component/EWalletAddCreditTab/EWalletAddCreditTab.component.js"
"Debited","debitado","Debitado o Debitada","MISSING","MISSING","src/component/MyAccountMyEWalletTableRow/MyAccountMyEWalletTableRow.component.js"
"Your state / province","Seu estado","Tu estado / provincia","MISSING","MISSING","src/component/MyAccountRegisterCreateAddressForm/MyAccountRegisterCreateAddressForm.form.js"
"The error occurred during initializing payment methods. Please try again later!","Um erro ocorreu durante a inicialização dos métodos de pagamento. Por favor, tente novamente mais tarde!","El error ocurrió durante la inicialización de los métodos de pago. ¡Por favor, inténtelo de nuevo más tarde!","MISSING","MISSING","src/component/EWalletAddCreditTab/EWalletAddCreditTab.container.js"
"Win","Ganhar","Ganar","MISSING","MISSING","src/component/MyAccountMyTicketsTableRowSweepstakes/MyAccountMyTicketsTableRowSweepstakes.component.js"
"Newsletter","Boletim de Notícias","Boletin informativo","MISSING","MISSING","src/component/Footer/Footer.config.js"
